{"avg_tempo": 120.75545333849638, "avg_energy": 0.5862389247158635}